<?xml version="1.0" encoding="UTF-8"?>
<root>
  <item name="com.udevel.widgetlab.TypingIndicatorView backgroundType">
    <annotation name="android.support.annotation.IntDef">
      <val name="value" val="{com.udevel.widgetlab.definitions.BackgroundType.ROUNDED, com.udevel.widgetlab.definitions.BackgroundType.SQUARE}" />
    </annotation>
  </item>
  <item name="com.udevel.widgetlab.TypingIndicatorView com.udevel.widgetlab.DotView createDotView(int) 0">
    <annotation name="android.support.annotation.IntDef">
      <val name="value" val="{com.udevel.widgetlab.definitions.AnimationType.GROW, com.udevel.widgetlab.definitions.AnimationType.WINK, com.udevel.widgetlab.definitions.AnimationType.DISAPPEAR, com.udevel.widgetlab.definitions.AnimationType.SLIDING, com.udevel.widgetlab.definitions.AnimationType.BOUNCING_SLIDING}" />
    </annotation>
  </item>
  <item name="com.udevel.widgetlab.TypingIndicatorView dotAnimationType">
    <annotation name="android.support.annotation.IntDef">
      <val name="value" val="{com.udevel.widgetlab.definitions.AnimationType.GROW, com.udevel.widgetlab.definitions.AnimationType.WINK, com.udevel.widgetlab.definitions.AnimationType.DISAPPEAR, com.udevel.widgetlab.definitions.AnimationType.SLIDING, com.udevel.widgetlab.definitions.AnimationType.BOUNCING_SLIDING}" />
    </annotation>
  </item>
  <item name="com.udevel.widgetlab.TypingIndicatorView void setAnimationOrder(int) 0">
    <annotation name="android.support.annotation.IntDef">
      <val name="value" val="{com.udevel.widgetlab.definitions.Order.RANDOM, com.udevel.widgetlab.definitions.Order.RANDOM_NO_REPETITION, com.udevel.widgetlab.definitions.Order.SEQUENCE, com.udevel.widgetlab.definitions.Order.CIRCULAR, com.udevel.widgetlab.definitions.Order.LAST_FIRST}" />
    </annotation>
  </item>
</root>

